<?xml version="1.0" encoding="UTF-8"?>
<project-private xmlns="http://www.netbeans.org/ns/project-private/1">
    <editor-bookmarks xmlns="http://www.netbeans.org/ns/editor-bookmarks/2" lastBookmarkId="0"/>
    <open-files xmlns="http://www.netbeans.org/ns/projectui-open-files/2">
        <group>
            <file>file:/D:/school/second%20semester/CSC/LAB5_Galicia_Karin/Problem_5_3/src/DieTriplet.java</file>
            <file>file:/D:/school/second%20semester/CSC/LAB5_Galicia_Karin/Problem_5_3/src/RollTriplet.java</file>
        </group>
    </open-files>
</project-private>
